	p-value	average	sd	rsd	average_permuted	original_imp_higher_than_random_imp
24.707_93.0725 	0.0	0.09069911341654838	0.02286993597869869	0.25215170377317037	0.04221215523753154	True
