	p-value	average	sd	rsd	average_permuted	original_imp_higher_than_random_imp
24.707_93.0725	0.0	0.09205766491759923	0.021945320552593607	0.23838667396394264	0.041338756913546375	True
