	p-value	average	sd	rsd
5.541_67.0557 	0.0	0.004292464425619211	0.0015190991901451853	0.3538990751044016
10.873_119.0877 	0.046511627906976744	0.006253158007595382	0.003073413866838834	0.4914978740511146
11.844_91.0573 	0.011627906976744186	0.032035031169822155	0.006627121491538252	0.20687107986275896
14.572_91.0565 	0.011627906976744186	0.0039570545609469475	0.0011545659627998437	0.2917740822162303
14.537_91.0571 	0.011627906976744186	0.006130577726949882	0.0019197211711672445	0.3131387051383744
23.181_147.1173 	0.011627906976744186	0.02983862554141295	0.007314507708171283	0.2451355441295209
24.707_93.0725 	0.0	0.09069911341654838	0.02286993597869869	0.25215170377317037
25.356_105.0726 	0.0	0.01560677766487314	0.0026876687545976394	0.17221163857846797
26.164_119.0865 	0.046511627906976744	0.01830889200508746	0.008323041873526726	0.4545901451171386
