	p-value	average	sd	rsd
5.541_67.0557 	0.0	0.004201750801286257	0.0012023858330486106	0.28616305200216335
11.844_91.0573 	0.034482758620689655	0.030125858857124144	0.006392083367309932	0.2121792908087776
14.572_91.0565 	0.011494252873563218	0.0037180701886691723	0.0011075379237491477	0.29787977836576945
14.537_91.0571 	0.011494252873563218	0.006092808406687798	0.001460118614875988	0.23964623822296505
23.181_147.1173 	0.011494252873563218	0.030170019482275472	0.007609211819671263	0.25221103433962266
24.707_93.0725 	0.0	0.08933102156869983	0.02119712454501902	0.23728738542094716
25.356_105.0726 	0.011494252873563218	0.014334449681604858	0.0024744710333403147	0.17262406916923773
25.968_119.0881 	0.04597701149425287	0.008019094022652528	0.0019846381178850294	0.24748906949822214
