	p-value	average	sd	rsd	average_permuted	original_imp_higher_than_random_imp
11.96_91.0560	0.0	0.10561771728987264	0.015139025083762952	0.14333793109931744	0.03796356446428689	True
12.373_91.0575	0.0	0.12034255313050728	0.02218863149692976	0.18437893263629673	0.03084141275302389	True
12.761_91.0557	0.0	0.12099848095018931	0.016837643955913667	0.13915582926074183	0.05267371698805401	True
