	p-value	average	sd	rsd	average_permuted	original_imp_higher_than_random_imp
11.96_91.0560 	0.0	0.10537908995853154	0.018550830190768725	0.17603900544281403	0.03707735572377811	True
12.373_91.0575 	0.0	0.12106723381941317	0.02144895934207452	0.17716568443339764	0.031021811376456144	True
12.761_91.0557 	0.0	0.1241062792969648	0.01642064225115501	0.13231113158958913	0.05189782217350374	True
